{
    "animation": [
        {
            "name": "Root",
            "time": [0.0, 0.1333, 0.2667, 0.4, 0.5333],
            "transform": [
                [1.0, 0.0, 0.0, -5e-06, 0.0, 0.0, -1.0, 0.000946, 0.0, 1.0, 0.0, 0.763972, 0.0, 0.0, 0.0, 1.0],
                [1.0, 0.0, 0.0, -5e-06, 0.0, 0.0, -1.0, 0.000946, 0.0, 1.0, 0.0, 0.763972, 0.0, 0.0, 0.0, 1.0],
                [1.0, 0.0, 0.0, -5e-06, 0.0, 0.0, -1.0, 0.000946, 0.0, 1.0, 0.0, 0.763972, 0.0, 0.0, 0.0, 1.0],
                [1.0, 0.0, 0.0, -5e-06, 0.0, 0.0, -1.0, 0.000946, 0.0, 1.0, 0.0, 0.763972, 0.0, 0.0, 0.0, 1.0],
                [1.0, 0.0, 0.0, -5e-06, 0.0, 0.0, -1.0, 0.000946, 0.0, 1.0, 0.0, 0.763972, 0.0, 0.0, 0.0, 1.0]
            ]
        },
        {
            "name": "Thigh_R",
            "time": [0.0, 0.1333, 0.2667, 0.4, 0.5333],
            "transform": [
                [1.0, -0.0, 0.0, 0.124994, -0.0, -0.999941, 0.011007, -0.002831, 0.0, -0.011007, -0.999943, -1.2e-05, 0.0, 0.0, 0.0, 1.0],
                [1.0, -0.0, 0.0, 0.124994, -0.0, -0.999941, 0.010931, -0.002831, 0.0, -0.010931, -0.999943, -1.2e-05, 0.0, 0.0, 0.0, 1.0],
                [1.0, -0.0, 0.0, 0.124994, -0.0, -0.99994, 0.011066, -0.002831, 0.0, -0.011066, -0.999942, -1.2e-05, 0.0, 0.0, 0.0, 1.0],
                [1.0, -0.0, 0.0, 0.124994, -0.0, -0.999941, 0.010931, -0.002831, 0.0, -0.010931, -0.999943, -1.2e-05, 0.0, 0.0, 0.0, 1.0],
                [1.0, -0.0, 0.0, 0.124994, -0.0, -0.999941, 0.011007, -0.002831, 0.0, -0.011007, -0.999943, -1.2e-05, 0.0, 0.0, 0.0, 1.0]
            ]
        },
        {
            "name": "Leg_R",
            "time": [0.0, 0.1333, 0.2667, 0.4, 0.5333],
            "transform": [
                [1.0, -0.0, 1e-06, 0.0, -0.0, 0.999841, 0.022002, 0.374726, -1e-06, -0.022006, 0.99966, -0.0, 0.0, 0.0, 0.0, 1.0],
                [1.0, -0.0, 1e-06, 0.0, -0.0, 0.999843, 0.02185, 0.374726, -1e-06, -0.021854, 0.999666, -0.0, 0.0, 0.0, 0.0, 1.0],
                [1.0, -0.0, 1e-06, 0.0, -0.0, 0.99984, 0.022119, 0.374726, -1e-06, -0.022123, 0.999656, -0.0, 0.0, 0.0, 0.0, 1.0],
                [1.0, -0.0, 1e-06, 0.0, -0.0, 0.999843, 0.02185, 0.374726, -1e-06, -0.021854, 0.999666, -0.0, 0.0, 0.0, 0.0, 1.0],
                [1.0, -0.0, 1e-06, 0.0, -0.0, 0.999841, 0.022002, 0.374726, -1e-06, -0.022006, 0.99966, -0.0, 0.0, 0.0, 0.0, 1.0]
            ]
        },
        {
            "name": "Knee_R",
            "time": [0.0, 0.5333],
            "transform": [
                [1.0, 0.0, -0.0, -0.0, -0.0, 0.00567, -0.999984, 0.374726, -0.0, 0.999984, 0.00567, 0.0, 0.0, 0.0, 0.0, 1.0],
                [1.0, 0.0, -0.0, -0.0, -0.0, 0.00567, -0.999984, 0.374726, -0.0, 0.999984, 0.00567, 0.0, 0.0, 0.0, 0.0, 1.0]
            ]
        },
        {
            "name": "Thigh_L",
            "time": [0.0, 0.1333, 0.2667, 0.4, 0.5333],
            "transform": [
                [1.0, -0.0, 0.0, -0.125006, -0.0, -0.999974, 0.007539, -0.002833, 0.0, -0.007539, -0.999974, -1.2e-05, 0.0, 0.0, 0.0, 1.0],
                [1.0, -0.0, 0.0, -0.125006, -0.0, -0.999974, 0.007528, -0.002833, 0.0, -0.007528, -0.999974, -1.2e-05, 0.0, 0.0, 0.0, 1.0],
                [1.0, -0.0, 0.0, -0.125006, -0.0, -0.999974, 0.007543, -0.002833, 0.0, -0.007543, -0.999974, -1.2e-05, 0.0, 0.0, 0.0, 1.0],
                [1.0, -0.0, 0.0, -0.125006, -0.0, -0.999974, 0.007528, -0.002833, 0.0, -0.007528, -0.999974, -1.2e-05, 0.0, 0.0, 0.0, 1.0],
                [1.0, -0.0, 0.0, -0.125006, -0.0, -0.999974, 0.007539, -0.002833, 0.0, -0.007539, -0.999974, -1.2e-05, 0.0, 0.0, 0.0, 1.0]
            ]
        },
        {
            "name": "Leg_L",
            "time": [0.0, 0.1333, 0.2667, 0.4, 0.5333],
            "transform": [
                [1.0, -0.0, 1e-06, -0.0, -0.0, 0.999898, 0.015072, 0.374726, -1e-06, -0.015073, 0.999865, 0.0, 0.0, 0.0, 0.0, 1.0],
                [1.0, -0.0, 1e-06, -0.0, -0.0, 0.999898, 0.015049, 0.374726, -1e-06, -0.01505, 0.999866, -0.0, 0.0, 0.0, 0.0, 1.0],
                [1.0, -0.0, 1e-06, -0.0, -0.0, 0.999898, 0.01508, 0.374726, -1e-06, -0.015081, 0.999865, -0.0, 0.0, 0.0, 0.0, 1.0],
                [1.0, -0.0, 1e-06, -0.0, -0.0, 0.999898, 0.015049, 0.374726, -1e-06, -0.01505, 0.999866, -0.0, 0.0, 0.0, 0.0, 1.0],
                [1.0, -0.0, 1e-06, -0.0, -0.0, 0.999898, 0.015072, 0.374726, -1e-06, -0.015073, 0.999865, 0.0, 0.0, 0.0, 0.0, 1.0]
            ]
        },
        {
            "name": "Knee_L",
            "time": [0.0, 0.5333],
            "transform": [
                [1.0, 0.0, -0.0, -0.0, -0.0, 0.00567, -0.999984, 0.374726, -0.0, 0.999984, 0.00567, -0.0, 0.0, 0.0, 0.0, 1.0],
                [1.0, 0.0, -0.0, -0.0, -0.0, 0.00567, -0.999984, 0.374726, -0.0, 0.999984, 0.00567, -0.0, 0.0, 0.0, 0.0, 1.0]
            ]
        },
        {
            "name": "Torso",
            "time": [0.0, 0.1333, 0.2667, 0.4, 0.5333],
            "transform": [
                [1.0, 0.0, 0.0, 0.0, 0.0, 1.0, 0.0, 0.05, 0.0, 0.0, 1.0, 0.0, 0.0, 0.0, 0.0, 1.0],
                [1.0, 0.0, 0.0, 0.0, 0.0, 1.0, 0.0, 0.05, 0.0, 0.0, 1.0, 0.0, 0.0, 0.0, 0.0, 1.0],
                [1.0, 0.0, 0.0, 0.0, 0.0, 1.0, 0.0, 0.05, 0.0, 0.0, 1.0, 0.0, 0.0, 0.0, 0.0, 1.0],
                [1.0, 0.0, 0.0, 0.0, 0.0, 1.0, 0.0, 0.05, 0.0, 0.0, 1.0, 0.0, 0.0, 0.0, 0.0, 1.0],
                [1.0, 0.0, 0.0, 0.0, 0.0, 1.0, 0.0, 0.05, 0.0, 0.0, 1.0, 0.0, 0.0, 0.0, 0.0, 1.0]
            ]
        },
        {
            "name": "Chest",
            "time": [0.0, 0.1333, 0.2667, 0.4, 0.5333],
            "transform": [
                [0.989644, -0.048834, 0.134981, 0.0, -0.016276, 0.896111, 0.44353, 0.3, -0.142617, -0.441133, 0.886037, 0.0, 0.0, 0.0, 0.0, 1.0],
                [0.928042, 0.054794, -0.368423, 0.0, 0.116716, 0.896525, 0.42734, 0.3, 0.353716, -0.439591, 0.825618, 0.0, 0.0, 0.0, 0.0, 1.0],
                [0.61884, 0.165672, -0.767847, 0.0, 0.27327, 0.871042, 0.408177, 0.3, 0.736451, -0.462426, 0.493763, 0.0, 0.0, 0.0, 0.0, 1.0],
                [0.928042, 0.054794, -0.368423, 0.0, 0.116716, 0.896525, 0.42734, 0.3, 0.353716, -0.439591, 0.825618, 0.0, 0.0, 0.0, 0.0, 1.0],
                [0.989644, -0.048834, 0.134981, 0.0, -0.016276, 0.896111, 0.44353, 0.3, -0.142617, -0.441133, 0.886037, 0.0, 0.0, 0.0, 0.0, 1.0]
            ]
        },
        {
            "name": "Head",
            "time": [0.0, 0.1333, 0.2667, 0.4, 0.5333],
            "transform": [
                [0.989513, -0.02565, -0.142153, 0.0, -0.04029, 0.896042, -0.442139, 0.4, 0.138716, 0.44323, 0.885611, 0.0, 0.0, 0.0, 0.0, 1.0],
                [0.928933, 0.108457, 0.354007, -0.0, 0.063337, 0.895492, -0.44055, 0.4, -0.364791, 0.431663, 0.824982, -0.0, 0.0, 0.0, 0.0, 1.0],
                [0.621034, 0.268306, 0.73643, 0.0, 0.173983, 0.868952, -0.463307, 0.4, -0.76423, 0.415856, 0.492968, 0.0, 0.0, 0.0, 0.0, 1.0],
                [0.928933, 0.108457, 0.354007, -0.0, 0.063337, 0.895492, -0.44055, 0.4, -0.364791, 0.431663, 0.824982, -0.0, 0.0, 0.0, 0.0, 1.0],
                [0.989513, -0.02565, -0.142153, 0.0, -0.04029, 0.896042, -0.442139, 0.4, 0.138716, 0.44323, 0.885611, 0.0, 0.0, 0.0, 0.0, 1.0]
            ]
        },
        {
            "name": "Shoulder_R",
            "time": [0.0, 0.1333, 0.2667, 0.4, 0.5333],
            "transform": [
                [-0.0, 0.952115, 0.305744, 0.0, 0.0, -0.305744, 0.952115, 0.4, 1.000001, 0.0, 0.0, 0.0, 0.0, 0.0, 0.0, 1.0],
                [-0.0, 0.952115, 0.305744, -0.0, 0.0, -0.305743, 0.952115, 0.4, 1.000001, 0.0, -0.0, -0.0, 0.0, 0.0, 0.0, 1.0],
                [-0.0, 0.952115, 0.305744, 0.0, 0.0, -0.305743, 0.952115, 0.4, 1.000001, 0.0, 0.0, 0.0, 0.0, 0.0, 0.0, 1.0],
                [-0.0, 0.952115, 0.305744, -0.0, 0.0, -0.305743, 0.952115, 0.4, 1.000001, 0.0, -0.0, -0.0, 0.0, 0.0, 0.0, 1.0],
                [-0.0, 0.952115, 0.305744, 0.0, 0.0, -0.305744, 0.952115, 0.4, 1.000001, 0.0, 0.0, 0.0, 0.0, 0.0, 0.0, 1.0]
            ]
        },
        {
            "name": "Arm_R",