{
    "animation": [
        {
            "name": "Root",
            "time": [0.0, 0.1667, 0.3833, 0.5667, 0.7833],
            "transform": [
                [1.0, 0.0, 0.0, -5e-06, 0.0, 0.0, -1.0, 0.000946, 0.0, 1.0, 0.0, 0.763972, 0.0, 0.0, 0.0, 1.0],
                [0.996195, 0.0, -0.087156, -5e-06, -0.087156, 0.0, -0.996195, 0.000946, 0.0, 1.0, 0.0, 0.763972, 0.0, 0.0, 0.0, 1.0],
                [0.996195, 0.0, -0.087156, -5e-06, -0.087156, 0.0, -0.996195, 0.000946, 0.0, 1.0, 0.0, 0.763972, 0.0, 0.0, 0.0, 1.0],
                [0.996195, 0.0, -0.087156, -5e-06, -0.087156, 0.0, -0.996195, 0.000946, 0.0, 1.0, 0.0, 0.763972, 0.0, 0.0, 0.0, 1.0],
                [1.0, 0.0, 0.0, -5e-06, 0.0, 0.0, -1.0, 0.000946, 0.0, 1.0, 0.0, 0.763972, 0.0, 0.0, 0.0, 1.0]
            ]
        },
        {
            "name": "Thigh_R",
            "time": [0.0, 0.1667, 0.3833, 0.5667, 0.7833],
            "transform": [
                [1.0, -0.0, 0.0, 0.124994, -0.0, -0.999957, 0.009327, -0.002831, 0.0, -0.009327, -0.999959, -1.2e-05, 0.0, 0.0, 0.0, 1.0],
                [0.996261, -0.000838, -0.086399, 0.124994, 0.000622, -0.999858, 0.016871, -0.002831, -0.0864, -0.016861, -0.996121, -1.2e-05, 0.0, 0.0, 0.0, 1.0],
                [0.996262, -0.000838, -0.086399, 0.124994, 0.000622, -0.999858, 0.016871, -0.002831, -0.0864, -0.016862, -0.996122, -1.2e-05, 0.0, 0.0, 0.0, 1.0],
                [0.996261, -0.000838, -0.086399, 0.124994, 0.000622, -0.999858, 0.016871, -0.002831, -0.0864, -0.016861, -0.996121, -1.2e-05, 0.0, 0.0, 0.0, 1.0],
                [1.0, -0.0, 0.0, 0.124994, -0.0, -0.999956, 0.00942, -0.002831, 0.0, -0.00942, -0.999958, -1.2e-05, 0.0, 0.0, 0.0, 1.0]
            ]
        },
        {
            "name": "Leg_R",
            "time": [0.0, 0.1667, 0.3833, 0.5667, 0.7833],
            "transform": [
                [1.0, -0.0, 1e-06, -0.0, -0.0, 0.999879, 0.018645, 0.374726, -1e-06, -0.018647, 0.999765, -0.0, 0.0, 0.0, 0.0, 1.0],
                [0.999999, -0.0, 1e-06, -0.0, -0.0, 1.000042, 0.00468, 0.374726, -1e-06, -0.004681, 0.999928, 0.0, 0.0, 0.0, 0.0, 1.0],
                [0.999998, -0.0, 1e-06, 0.0, -0.0, 1.000061, 0.00468, 0.374726, -1e-06, -0.004681, 0.999907, 0.0, 0.0, 0.0, 0.0, 1.0],
                [0.999999, -0.0, 1e-06, -0.0, -0.0, 1.000042, 0.00468, 0.374726, -1e-06, -0.004681, 0.999928, 0.0, 0.0, 0.0, 0.0, 1.0],
                [1.0, -0.0, 1e-06, -0.0, -0.0, 0.999877, 0.018831, 0.374726, -1e-06, -0.018833, 0.999759, 0.0, 0.0, 0.0, 0.0, 1.0]
            ]
        },
        {
            "name": "Knee_R",
            "time": [0.0, 0.7833],
            "transform": [
                [1.0, 0.0, -0.0, -0.0, -0.0, 0.00567, -0.999984, 0.374726, -0.0, 0.999984, 0.00567, 0.0, 0.0, 0.0, 0.0, 1.0],
                [1.0, 0.0, -0.0, -0.0, -0.0, 0.00567, -0.999984, 0.374726, -0.0, 0.999984, 0.00567, 0.0, 0.0, 0.0, 0.0, 1.0]
            ]
        },
        {
            "name": "Thigh_L",
            "time": [0.0, 0.1667, 0.3833, 0.5667, 0.7833],
            "transform": [
                [1.0, -0.0, 0.0, -0.125006, -0.0, -0.999976, 0.007078, -0.002832, 0.0, -0.007078, -0.999977, -1.2e-05, 0.0, 0.0, 0.0, 1.0],
                [0.996125, 0.000427, -0.087943, -0.125006, -0.000647, -0.999927, -0.012189, -0.002832, -0.087941, 0.012199, -0.996053, -1.2e-05, 0.0, 0.0, 0.0, 1.0],
                [0.996126, 0.000427, -0.087943, -0.125006, -0.000647, -0.999928, -0.012189, -0.002832, -0.087941, 0.012199, -0.996053, -1.2e-05, 0.0, 0.0, 0.0, 1.0],
                [0.996125, 0.000427, -0.087943, -0.125006, -0.000647, -0.999927, -0.012189, -0.002832, -0.087941, 0.012199, -0.996053, -1.2e-05, 0.0, 0.0, 0.0, 1.0],
                [1.0, -0.0, 0.0, -0.125006, -0.0, -0.999975, 0.007241, -0.002832, 0.0, -0.007241, -0.999975, -1.2e-05, 0.0, 0.0, 0.0, 1.0]
            ]
        },
        {
            "name": "Leg_L",
            "time": [0.0, 0.1667, 0.3833, 0.5667, 0.7833],
            "transform": [
                [1.0, -0.0, 1e-06, -0.0, -0.0, 0.999911, 0.014149, 0.374726, -1e-06, -0.01415, 0.999886, -0.0, 0.0, 0.0, 0.0, 1.0],
                [0.999999, -0.0, 1e-06, 0.0, -0.0, 1.000001, 0.00468, 0.374726, -1e-06, -0.00468, 0.999974, -0.0, 0.0, 0.0, 0.0, 1.0],
                [0.999998, -0.0, 1e-06, 0.0, -0.0, 1.000004, 0.00468, 0.374726, -1e-06, -0.00468, 0.999968, 0.0, 0.0, 0.0, 0.0, 1.0],
                [0.999999, -0.0, 1e-06, 0.0, -0.0, 1.000001, 0.00468, 0.374726, -1e-06, -0.00468, 0.999974, -0.0, 0.0, 0.0, 0.0, 1.0],
                [1.0, -0.0, 1e-06, -0.0, -0.0, 0.999907, 0.014477, 0.374726, -1e-06, -0.014477, 0.99988, -0.0, 0.0, 0.0, 0.0, 1.0]
            ]
        },
        {
            "name": "Knee_L",
            "time": [0.0, 0.7833],
            "transform": [
                [1.0, 0.0, -0.0, -0.0, -0.0, 0.00567, -0.999984, 0.374726, -0.0, 0.999984, 0.00567, -0.0, 0.0, 0.0, 0.0, 1.0],
                [1.0, 0.0, -0.0, -0.0, -0.0, 0.00567, -0.999984, 0.374726, -0.0, 0.999984, 0.00567, -0.0, 0.0, 0.0, 0.0, 1.0]
            ]
        },
        {
            "name": "Torso",
            "time": [0.0, 0.1667, 0.3833, 0.5667, 0.7833],
            "transform": [
                [1.0, 0.0, 0.0, 0.0, 0.0, 1.0, 0.0, 0.05, 0.0, 0.0, 1.0, 0.0, 0.0, 0.0, 0.0, 1.0],
                [1.0, 0.0, 0.0, 0.0, 0.0, 1.0, 0.0, 0.05, 0.0, 0.0, 1.0, 0.0, 0.0, 0.0, 0.0, 1.0],
                [1.0, 0.0, 0.0, 0.0, 0.0, 1.0, 0.0, 0.05, 0.0, 0.0, 1.0, 0.0, 0.0, 0.0, 0.0, 1.0],
                [1.0, 0.0, 0.0, 0.0, 0.0, 1.0, 0.0, 0.05, 0.0, 0.0, 1.0, 0.0, 0.0, 0.0, 0.0, 1.0],
                [1.0, 0.0, 0.0, 0.0, 0.0, 1.0, 0.0, 0.05, 0.0, 0.0, 1.0, 0.0, 0.0, 0.0, 0.0, 1.0]
            ]
        },
        {
            "name": "Chest",
            "time": [0.0, 0.1667, 0.3833, 0.5667, 0.7833],
            "transform": [
                [0.968263, -0.024714, 0.248708, 0.0, -0.000385, 0.99495, 0.100366, 0.3, -0.249933, -0.097277, 0.963364, 0.0, 0.0, 0.0, 0.0, 1.0],
                [0.996953, -0.007447, 0.077643, 0.0, -0.000385, 0.99495, 0.100366, 0.3, -0.077999, -0.100091, 0.991916, 0.0, 0.0, 0.0, 0.0, 1.0],
                [0.983085, 0.011187, -0.18281, 0.0, 0.022947, 0.982745, 0.183537, 0.3, 0.181709, -0.184627, 0.965864, 0.0, 0.0, 0.0, 0.0, 1.0],
                [0.996953, -0.007447, 0.077643, 0.0, -0.000385, 0.99495, 0.100366, 0.3, -0.077999, -0.100091, 0.991916, 0.0, 0.0, 0.0, 0.0, 1.0],
                [0.968263, -0.024714, 0.248708, 0.0, -0.000385, 0.99495, 0.100366, 0.3, -0.249933, -0.097277, 0.963364, 0.0, 0.0, 0.0, 0.0, 1.0]
            ]
        },
        {
            "name": "Head",
            "time": [0.0, 0.1667, 0.3833, 0.5667, 0.7833],
            "transform": [
                [0.969081, -0.000385, -0.246744, 0.0, -0.024394, 0.994951, -0.097358, 0.4, 0.245535, 0.100367, 0.964179, 0.0, 0.0, 0.0, 0.0, 1.0],
                [0.999923, -0.000385, 0.01248, -0.0, 0.001636, 0.994951, -0.100354, 0.4, -0.012379, 0.100367, 0.994874, 0.0, 0.0, 0.0, 0.0, 1.0],
                [0.962624, 0.022947, 0.269869, -0.0, 0.027838, 0.982745, -0.182859, 0.4, -0.269408, 0.183537, 0.945376, -0.0, 0.0, 0.0, 0.0, 1.0],
                [0.999923, -0.000385, 0.01248, -0.0, 0.001636, 0.994951, -0.100354, 0.4, -0.012379, 0.100367, 0.994874, 0.0, 0.0, 0.0, 0.0, 1.0],
                [0.969081, -0.000385, -0.246744, 0.0, -0.024394, 0.99495, -0.097358, 0.4, 0.245535, 0.100367, 0.964179, -0.0, 0.0, 0.0, 0.0, 1.0]
            ]
        },
        {
            "name": "Shoulder_R",
            "time": [0.0, 0.1667, 0.3833, 0.5667, 0.7833],