{
    "animation": [
        {
            "name": "Root",
            "time": [0.0, 0.1667, 0.3833, 0.5667, 0.7833],
            "transform": [
                [1.0, 0.0, 0.0, -5e-06, 0.0, 0.0, -1.0, 0.000946, 0.0, 1.0, 0.0, 0.763972, 0.0, 0.0, 0.0, 1.0],
                [1.0, 0.0, 0.0, -5e-06, 0.0, 0.0, -1.0, 0.000946, 0.0, 1.0, 0.0, 0.763972, 0.0, 0.0, 0.0, 1.0],
                [1.0, 0.0, 0.0, -5e-06, 0.0, 0.0, -1.0, 0.000946, 0.0, 1.0, 0.0, 0.763972, 0.0, 0.0, 0.0, 1.0],
                [1.0, 0.0, 0.0, -5e-06, 0.0, 0.0, -1.0, 0.000946, 0.0, 1.0, 0.0, 0.763972, 0.0, 0.0, 0.0, 1.0],
                [1.0, 0.0, 0.0, -5e-06, 0.0, 0.0, -1.0, 0.000946, 0.0, 1.0, 0.0, 0.763972, 0.0, 0.0, 0.0, 1.0]
            ]
        },
        {
            "name": "Thigh_R",
            "time": [0.0, 0.1667, 0.3833, 0.5667, 0.7833],
            "transform": [
                [1.0, -0.0, 0.0, 0.124994, -0.0, -0.999941, 0.010931, -0.002831, 0.0, -0.010931, -0.999943, -1.2e-05, 0.0, 0.0, 0.0, 1.0],
                [1.0, -0.0, 0.0, 0.124994, -0.0, -0.999942, 0.01086, -0.002831, 0.0, -0.01086, -0.999944, -1.2e-05, 0.0, 0.0, 0.0, 1.0],
                [1.0, -0.0, 0.0, 0.124994, -0.0, -0.999941, 0.010931, -0.002831, 0.0, -0.010931, -0.999943, -1.2e-05, 0.0, 0.0, 0.0, 1.0],
                [1.0, -0.0, 0.0, 0.124994, -0.0, -0.999942, 0.01086, -0.002831, 0.0, -0.01086, -0.999944, -1.2e-05, 0.0, 0.0, 0.0, 1.0],
                [1.0, -0.0, 0.0, 0.124994, -0.0, -0.999941, 0.010931, -0.002831, 0.0, -0.010931, -0.999943, -1.2e-05, 0.0, 0.0, 0.0, 1.0]
            ]
        },
        {
            "name": "Leg_R",
            "time": [0.0, 0.1667, 0.3833, 0.5667, 0.7833],
            "transform": [
                [1.0, -0.0, 1e-06, 0.0, -0.0, 0.999843, 0.02185, 0.374726, -1e-06, -0.021854, 0.999666, -0.0, 0.0, 0.0, 0.0, 1.0],
                [1.0, -0.0, 1e-06, 0.0, -0.0, 0.999845, 0.021708, 0.374726, -1e-06, -0.021712, 0.999671, -0.0, 0.0, 0.0, 0.0, 1.0],
                [1.0, -0.0, 1e-06, 0.0, -0.0, 0.999843, 0.02185, 0.374726, -1e-06, -0.021854, 0.999666, -0.0, 0.0, 0.0, 0.0, 1.0],
                [1.0, -0.0, 1e-06, 0.0, -0.0, 0.999845, 0.021708, 0.374726, -1e-06, -0.021712, 0.999671, -0.0, 0.0, 0.0, 0.0, 1.0],
                [1.0, -0.0, 1e-06, 0.0, -0.0, 0.999843, 0.02185, 0.374726, -1e-06, -0.021854, 0.999666, -0.0, 0.0, 0.0, 0.0, 1.0]
            ]
        },
        {
            "name": "Knee_R",
            "time": [0.0, 0.7833],
            "transform": [
                [1.0, 0.0, -0.0, 0.0, -0.0, 0.00567, -0.999984, 0.374726, -0.0, 0.999984, 0.00567, -0.0, 0.0, 0.0, 0.0, 1.0],
                [1.0, 0.0, -0.0, 0.0, -0.0, 0.00567, -0.999984, 0.374726, -0.0, 0.999984, 0.00567, -0.0, 0.0, 0.0, 0.0, 1.0]
            ]
        },
        {
            "name": "Thigh_L",
            "time": [0.0, 0.1667, 0.3833, 0.5667, 0.7833],
            "transform": [
                [1.0, -0.0, 0.0, -0.125006, -0.0, -0.999974, 0.007528, -0.002833, 0.0, -0.007528, -0.999974, -1.2e-05, 0.0, 0.0, 0.0, 1.0],
                [1.0, -0.0, 0.0, -0.125006, -0.0, -0.999974, 0.007498, -0.002833, 0.0, -0.007498, -0.999974, -1.2e-05, 0.0, 0.0, 0.0, 1.0],
                [1.0, -0.0, 0.0, -0.125006, -0.0, -0.999974, 0.007528, -0.002833, 0.0, -0.007528, -0.999974, -1.2e-05, 0.0, 0.0, 0.0, 1.0],
                [1.0, -0.0, 0.0, -0.125006, -0.0, -0.999974, 0.007498, -0.002833, 0.0, -0.007498, -0.999974, -1.2e-05, 0.0, 0.0, 0.0, 1.0],
                [1.0, -0.0, 0.0, -0.125006, -0.0, -0.999974, 0.007528, -0.002833, 0.0, -0.007528, -0.999974, -1.2e-05, 0.0, 0.0, 0.0, 1.0]
            ]
        },
        {
            "name": "Leg_L",
            "time": [0.0, 0.1667, 0.3833, 0.5667, 0.7833],
            "transform": [
                [1.0, -0.0, 1e-06, -0.0, -0.0, 0.999898, 0.015049, 0.374726, -1e-06, -0.01505, 0.999866, -0.0, 0.0, 0.0, 0.0, 1.0],
                [1.0, -0.0, 1e-06, -0.0, -0.0, 0.999899, 0.01499, 0.374726, -1e-06, -0.01499, 0.999867, -0.0, 0.0, 0.0, 0.0, 1.0],
                [1.0, -0.0, 1e-06, -0.0, -0.0, 0.999898, 0.015049, 0.374726, -1e-06, -0.01505, 0.999866, -0.0, 0.0, 0.0, 0.0, 1.0],
                [1.0, -0.0, 1e-06, -0.0, -0.0, 0.999899, 0.01499, 0.374726, -1e-06, -0.01499, 0.999867, -0.0, 0.0, 0.0, 0.0, 1.0],
                [1.0, -0.0, 1e-06, -0.0, -0.0, 0.999898, 0.015049, 0.374726, -1e-06, -0.01505, 0.999866, -0.0, 0.0, 0.0, 0.0, 1.0]
            ]
        },
        {
            "name": "Knee_L",
            "time": [0.0, 0.7833],
            "transform": [
                [1.0, 0.0, -0.0, -0.0, -0.0, 0.00567, -0.999984, 0.374726, -0.0, 0.999984, 0.00567, -0.0, 0.0, 0.0, 0.0, 1.0],
                [1.0, 0.0, -0.0, -0.0, -0.0, 0.00567, -0.999984, 0.374726, -0.0, 0.999984, 0.00567, -0.0, 0.0, 0.0, 0.0, 1.0]
            ]
        },
        {
            "name": "Torso",
            "time": [0.0, 0.1667, 0.3833, 0.5667, 0.7833],
            "transform": [
                [1.0, 0.0, 0.0, 0.0, 0.0, 1.0, 0.0, 0.05, 0.0, 0.0, 1.0, 0.0, 0.0, 0.0, 0.0, 1.0],
                [1.0, 0.0, 0.0, 0.0, 0.0, 1.0, 0.0, 0.05, 0.0, 0.0, 1.0, 0.0, 0.0, 0.0, 0.0, 1.0],
                [1.0, 0.0, 0.0, 0.0, 0.0, 1.0, 0.0, 0.05, 0.0, 0.0, 1.0, 0.0, 0.0, 0.0, 0.0, 1.0],
                [1.0, 0.0, 0.0, 0.0, 0.0, 1.0, 0.0, 0.05, 0.0, 0.0, 1.0, 0.0, 0.0, 0.0, 0.0, 1.0],
                [1.0, 0.0, 0.0, 0.0, 0.0, 1.0, 0.0, 0.05, 0.0, 0.0, 1.0, 0.0, 0.0, 0.0, 0.0, 1.0]
            ]
        },
        {
            "name": "Chest",
            "time": [0.0, 0.1667, 0.3833, 0.5667, 0.7833],
            "transform": [
                [0.992667, 0.003085, -0.120839, 0.0, 0.021191, 0.979751, 0.199094, 0.3, 0.119006, -0.200194, 0.972502, 0.0, 0.0, 0.0, 0.0, 1.0],
                [0.928042, 0.054794, -0.368423, 0.0, 0.021191, 0.979751, 0.199094, 0.3, 0.371872, -0.192574, 0.908089, 0.0, 0.0, 0.0, 0.0, 1.0],
                [0.800172, 0.102769, -0.5909, 0.0, 0.073351, 0.961047, 0.266474, 0.3, 0.595268, -0.256568, 0.761465, 0.0, 0.0, 0.0, 0.0, 1.0],
                [0.928042, 0.054794, -0.368423, 0.0, 0.021191, 0.979751, 0.199094, 0.3, 0.371872, -0.192574, 0.908089, 0.0, 0.0, 0.0, 0.0, 1.0],
                [0.992667, 0.003085, -0.120839, 0.0, 0.021191, 0.979751, 0.199094, 0.3, 0.119006, -0.200194, 0.972502, 0.0, 0.0, 0.0, 0.0, 1.0]
            ]
        },
        {
            "name": "Head",
            "time": [0.0, 0.1667, 0.3833, 0.5667, 0.7833],
            "transform": [
                [0.99277, 0.012075, 0.11943, 0.0, 0.0123, 0.97946, -0.201268, 0.4, -0.119408, 0.201282, 0.972228, 0.0, 0.0, 0.0, 0.0, 1.0],
                [0.928036, 0.012956, 0.372267, 0.0, 0.064003, 0.978987, -0.193625, 0.4, -0.366953, 0.203517, 0.907704, 0.0, 0.0, 0.0, 0.0, 1.0],
                [0.800559, 0.066551, 0.595548, -0.0, 0.11183, 0.959766, -0.257576, 0.4, -0.588729, 0.272805, 0.760905, -0.0, 0.0, 0.0, 0.0, 1.0],
                [0.928036, 0.012956, 0.372267, 0.0, 0.064003, 0.978987, -0.193625, 0.4, -0.366953, 0.203517, 0.907704, 0.0, 0.0, 0.0, 0.0, 1.0],
                [0.99277, 0.012075, 0.11943, 0.0, 0.0123, 0.97946, -0.201268, 0.4, -0.119408, 0.201282, 0.972228, 0.0, 0.0, 0.0, 0.0, 1.0]
            ]
        },
        {
            "name": "Shoulder_R",
            "time": [0.0, 0.1667, 0.3833, 0.5667, 0.7833],
            "transform": [
                [-0.0, 0.952115, 0.305744, 0.0, 0.0, -0.305744, 0.952115, 0.4, 1.000001, 0.0, -0.0, 0.0, 0.0, 0.0, 0.0, 1.0],
                [-0.0, 0.952115, 0.305744, 0.0, 0.0, -0.305744, 0.952115, 0.4, 1.000001, 0.0, -0.0, 0.0, 0.0, 0.0, 0.0, 1.0],
                [-0.0, 0.952115, 0.305744, -0.0, 0.0, -0.305744, 0.952115, 0.4, 1.000001, 0.0, -0.0, -0.0, 0.0, 0.0, 0.0, 1.0],
                [-0.0, 0.952115, 0.305744, 0.0, 0.0, -0.305744, 0.952115, 0.4, 1.000001, 0.0, 0.0, 0.0, 0.0, 0.0, 0.0, 1.0],
                [-0.0, 0.952115, 0.305744, 0.0, 0.0, -0.305744, 0.952115, 0.4, 1.000001, 0.0, -0.0, 0.0, 0.0, 0.0, 0.0, 1.0]
            ]
        },
        {
            "name": "Arm_R",